page,pseudo,fbID,groupe,dateCréation,aimentPageMin,aimentPageMax,followersMin,followersMax,publications,partages,commentaires,likes,love,solidarité,haha,wow,tristesse,colère,interactions,vidéoNb,vidéoVues
"CIBL 101,5",CIBL1015,#56034380050,ARCQ,2008-07-08,23283,23607,25383,26300,344,570,268,2074,505,41,3,13,1,4,3479,27,11161
La semaine verte,semaineverte,#100063815640094,Radio-Canada,2008-08-19,64764,69280,76714,93286,345,20163,6967,50548,7005,2307,245,1338,2456,654,91683,91,722142
L'épicerie,lepicerie,#100064084267099,Radio-Canada,2008-08-19,96345,106432,98388,109403,686,35942,24424,96314,17238,2407,2099,5436,3682,2450,189992,80,773252
Hebdomadaire La Revue de Terrebonne,revueterrebonne,#107310330253,Lexis média,2008-12-14,10877,12003,11472,12900,2073,10249,10872,23570,6468,1814,667,1731,2107,891,58369,27,26757
L'Indice bohémien,indicebohemien,#157035310656,AMECQ,2009-03-23,4321,4457,4680,4910,321,583,292,1707,822,65,5,22,2,0,3498,10,2897
CJAD 800 Montreal,cjad800,#100064010050671,Bell,2009-03-31,43863,44393,44311,44943,3535,22267,94661,77683,12056,3751,16809,6487,16820,12468,263002,201,219982
La Presse,LaPresseFB,#100064750746253,La Presse,2009-04-02,678145,687996,697034,714986,18204,321607,1393480,1400187,268268,111295,612372,110762,328472,299790,4846233,5,39665
Journal Métro,journalmetro,#100064403815260,Métro média,2009-04-09,161381,162341,164798,167078,5651,33502,129598,151630,25281,8163,45342,8234,14437,18894,435081,51,282289
URBANIA,URBANIA,#70366134138,Urbania,2009-04-17,168323,173356,185626,199028,2478,39908,47185,131498,40862,17042,28620,2182,4228,2247,313772,214,6641343
Actualités - L'Étincelle du Val SF,actualitesletincelle,#100063454697742,Néomédia,2009-05-14,4101,4288,4142,4346,1119,2648,842,4799,701,211,48,187,532,78,10046,1,570
www.zone911.com,zone911,#106245819760,Site web indépendant,2009-06-15,127599,132475,130256,136339,1395,122864,65161,63503,9230,8704,13961,29556,65447,11769,390195,6,153236
Le Devoir,ledevoir,#100064833755433,Le Devoir,2009-06-17,378794,397400,432896,469004,9721,343800,839752,1599866,218502,109583,374345,75246,220547,239030,4020671,277,7977224
Le Citoyen Rouyn - La Sarre,lecitoyenrouynlasarre,#100063753092649,Lexis média,2009-06-30,21210,21515,21498,21889,1930,20900,12221,34328,7804,1031,1587,2365,2512,1105,83853,7,1855
Métro - Québec Hebdo,metroquebechebdo,#100063546582140,Métro média,2009-07-02,17682,17994,17401,17731,2003,3237,3444,4242,615,234,1861,272,735,740,15380,3,201
Journal Entrée Libre,journalentreelibre,#100568953535,AMECQ,2009-07-08,955,1100,1019,1171,98,58,34,221,39,14,0,3,0,0,369,0,0
Les Affaires,la.lesaffaires,#100306918236,Contex,2009-07-13,157867,163656,167894,178392,5685,41165,105005,207697,18258,2474,44279,5583,3682,11763,439906,0,0
Journal Le Reflet,JournalLeRefletGraviteMedia,#102471329717,Gravité média,2009-07-14,17979,18987,19379,20886,2772,23765,23516,47684,9420,3180,2176,5053,5044,2910,122748,0,0
La Voix du Sud,lavoixdusud,#100063533621737,Ici Médias,2009-07-21,10755,11871,11497,13020,777,16696,6371,23424,3782,572,374,1556,2287,554,55616,5,18108
RDS,RDS,#132756582352,Bell,2009-08-10,405613,415755,435223,492601,10650,266460,1160688,4060036,751897,103840,344879,125502,136954,59264,7009520,770,50919777
Beauce Média,beaucemedia,#100047356160473,Ici Médias,2009-08-23,10819,11733,11525,12760,690,12709,7844,18327,4168,842,535,1668,1678,667,48438,10,25431
Le Peuple Lotbinière,plotbiniere,#125130501979,Hebdo privé indépendant,2009-08-23,5861,6490,6195,7052,1055,5114,2565,6706,1586,156,196,355,440,266,17384,8,3113
CIBM FM 107,CIBM107,#140168673893,Groupe Radio Simard,2009-08-25,23101,23829,23736,24725,1307,16439,54953,30232,6407,728,1381,1694,2449,1373,115656,245,263993
James Bay Cree Communications Society,JBCCS,#108841052324,Radio privée indépendante,2009-08-26,9289,9455,9488,9985,575,1011,478,1812,583,79,92,42,39,3,4139,42,33323
CBC Montreal,CBCMontreal,#128015371297,Radio-Canada,2009-09-09,129713,133121,154339,180337,2392,54819,3067,263105,50944,45767,14141,11460,32645,15408,491356,31,289597
West QuebecPost,west.quebecpost,#901877453180330,Hebdo privé indépendant,2009-09-28,772,772,787,787,1,3,0,0,0,0,0,0,0,0,3,0,0
Journal TDN,journal.tdn,#1436132130011806,AMECQ,2009-10-03,3743,3863,3868,4007,1477,2341,721,2846,601,88,82,293,156,134,7262,0,0
ICI Ottawa Gatineau,iciottawagatineau,#152856822182,Radio-Canada,2009-10-13,59506,60957,68432,72891,2856,32208,23092,72478,16798,7887,9473,4744,8156,10133,184969,367,2182560
La Tribune,Latribunedesherbrooke,#100063740523358,CN2i,2009-10-15,47144,49849,49441,53357,9871,80884,142618,214753,46886,21559,37504,24833,51144,34958,655139,53,565677
TVA Nouvelles,TVAnouvelles,#100064851813351,Québecor,2009-10-26,1186043,1190582,1200231,1207722,12601,1445878,3472508,3414914,688802,361043,1101118,553744,1316625,883478,13238110,22,1894543
"CFIM, la radio des Îles de la Madeleine",cfimradio,#990363124358961,ARCQ,2009-10-26,8617,9036,9039,9702,1865,4952,2525,11950,2160,436,316,647,941,91,24018,2,10860
Chatelaine,ChatelaineMagazine,#100064898493568,St. Joseph,2009-11-12,159495,160852,161132,162503,890,3586,1601,14565,1094,335,110,103,207,119,21720,8,84768
Info Dimanche,infodimanche,#176907966183,Néomédia,2009-11-13,25649,26462,27018,28346,2427,28076,19317,53488,11266,2169,2904,4609,8340,2580,132749,103,272547
Le Journal de Lévis,LeJournaldeLevis,#174093697897,Média coopératif indépendant,2009-11-17,16492,18317,17454,19920,2768,16305,12584,25215,5760,996,2815,1639,2307,1322,68943,15,43730
Radio CHGA,chga.fm,#186575453743,ARCQ,2009-11-25,11182,12277,11569,12904,2240,23378,12868,32344,6824,1775,946,3061,6609,2006,89811,40,38576
"CIEL FM 103,7",CIEL103,#208658131206,Groupe Radio Simard,2009-12-15,12049,12770,12390,13292,1345,14030,16596,24408,5093,886,1248,2000,2751,1585,68597,6,5833
"CHOX-FM 97,5",CHOX975,#377928410603,Groupe Radio Simard,2009-12-15,3284,3460,3498,3721,50,86,45,305,48,7,6,0,0,8,505,1,173
Hebdo Rive Nord,hebdorn,#242646941257,Lexis média,2009-12-17,13836,13981,14552,14839,1685,3467,2651,8032,1563,417,300,183,205,277,17095,24,4025
Journal le Phare,journallephare.org,#100063764191409,AMECQ,2009-12-29,1365,1398,1382,1422,452,96,73,85,11,5,0,0,0,0,270,2,173
Écho de La Tuque,-,#100063500232987,Ici Médias,2010-01-12,8739,9654,9239,10357,1165,16125,8847,25744,5782,888,591,2339,2406,564,63286,35,99439
Le Nord-Côtier,LeNordCotier,#254400736372,Éditions nordiques,2010-01-12,21483,22068,22247,23448,3138,29217,23484,41422,9836,1954,3126,3105,5349,2344,119837,4,31681
L'Avantage Gaspésien,avantagegaspesien,#100063574541180,Lexis média,2010-01-13,10576,11405,11160,12209,653,10549,6927,21795,4432,711,683,869,1017,739,47722,10,6022
L'info du Nord Sainte-Agathe,linfodunordsa,#100063679835560,In Médias,2010-01-13,9158,10034,9731,10851,1806,10008,6453,17039,3751,940,489,1169,2762,661,43272,8,30973
Journal Le Citoyen Val-d'Or - Amos,lecitoyenvaldoramos,#252516926738,Lexis média,2010-01-13,22963,23234,23367,23811,1920,17321,13829,31620,5865,1238,2048,2627,3462,1610,79620,7,2183
L'Avant-Poste,lavantposte,#278296897888,Lexis média,2010-01-13,4349,4689,4613,5076,484,7172,2707,10617,2884,579,109,815,978,275,26136,3,821
Journal Le Canada Français,lecanadafrancais,#100060284385246,Ici Médias,2010-01-15,29095,30570,30966,33021,416,18534,16022,17485,4175,1289,1524,4376,10090,1851,75346,9,51367
Le Nord Info,NordInfoCom,#100028989116634,Groupe JCL,2010-01-19,5747,5971,6031,6311,208,993,377,1915,296,60,42,37,52,16,3788,11,5867
Journal L'Éveil,JOURNAL.LEVEIL,#100063786150351,Groupe JCL,2010-01-19,4772,5091,5093,5490,362,2230,937,3930,719,202,49,247,273,76,8663,61,106542
JOURNAL GRAFFICI,GRAFFICI.CA,#278003087532,AMECQ,2010-01-19,4452,4560,4701,4873,125,150,36,533,102,18,0,3,1,1,844,3,579
Montreal Gazette,montrealgazette,#100064469930497,PostMedia,2010-01-26,196625,200779,214986,224660,18742,131576,490282,549502,68052,24816,120988,35103,85591,56482,1562392,48,228567
Journal L'Action,journallaction,#282075260681,Lexis média,2010-01-30,15365,16044,16424,17591,1940,15758,5754,17733,3841,1053,683,1327,2899,743,49791,5,4761
Le Soleil de Châteauguay,JournalLeSoleildeChateauguay,#100063737882788,Gravité média,2010-01-31,17733,18287,18883,19586,2442,19925,17895,32453,7498,2968,1667,3341,4408,2327,92482,1,1759
ICI Saguenay–Lac-Saint-Jean,icisaguenaylacsaintjean,#471020985450,Radio-Canada,2010-02-03,63753,67321,75927,84940,3625,117119,117486,318190,74924,15745,15882,32108,30676,10463,732593,276,5880708
Le Quotidien,LeQuotidienProgres,#100063546551184,CN2i,2010-02-05,40662,44759,42593,48155,8934,88414,144553,218479,48816,14645,34061,23054,37312,20412,629746,62,276315
Québec Science,QuebecScience,"#280257226593 et
100063797340575 ",Vélo-Québec,2010-02-05,21360,24104,23213,26414,1173,11420,4379,99938,4082,706,724,1953,456,206,123864,19,4741
Le Courrier du Sud,lecourrierdusud,#341883588568,Gravité média,2010-02-05,10811,10860,14584,15425,2541,8348,7934,14130,2621,1063,1416,1438,3153,1597,41700,0,0
Journal Mobiles,JournalMobiles,#309470448515,AMECQ,2010-02-15,17323,19138,20864,23987,676,27541,16032,33481,9028,2277,612,2665,4914,1257,97807,213,2034048
L'Avantage,lavantageqcca,#100063566864207,Lexis média,2010-02-17,64087,64244,61896,62226,1404,13703,16527,45207,9379,1617,1646,1695,1648,1843,93265,26,7997
La Terre de chez nous,laterreca,#330389168569,UPA,2010-02-25,51850,55488,55428,60687,1211,32476,30349,105966,14678,4384,2577,5279,12752,3128,211589,45,250134
Courrier Laval,courrierlaval,#100064916282950,Hebdo privé indépendant,2010-02-26,21782,23806,23221,25610,2582,16030,22525,33252,5319,1466,2009,4747,4908,4813,95069,116,118831
ICI Mauricie Centre-du-Québec,icimauriciecentreduquebec,#353039654402,Radio-Canada,2010-03-10,52214,54633,62537,67954,4212,74412,82310,147349,35895,14703,17566,11491,30834,16574,431134,395,5184734
"Radio Boréale CHOW 105,3",RadioBoreale,#362476834435,ARCQ,2010-03-15,2941,3274,3148,3597,491,8111,843,1695,480,167,19,131,390,57,11893,0,0
INFOSuroit.com,INFOSuroitQC,#100063686918285,Site web indépendant,2010-03-26,9663,9879,10190,10494,1445,4522,975,7763,1367,236,26,207,91,55,15242,1,16647
"FM 103,3 - La radio allumée",fm1033,#110821378937188,ARCQ,2010-03-30,61534,64615,61311,64633,4386,30661,46187,36099,7121,1070,2039,1813,4650,3271,132911,52,17056
www.lanouvelle.net,lanouvellenet,#100063623140529,Ici Médias,2010-04-02,26475,28163,27892,30196,6337,50744,57619,92244,19588,4960,15815,8569,17951,8588,276078,7,102785
Au fil de La Boyer,journal.la.boyer,#113225578701905,AMECQ,2010-04-12,481,527,516,574,143,238,37,453,101,17,0,4,4,0,854,0,0
Global Montreal,globalmontreal,#100057677935882,Corus,2010-04-23,60206,61268,63439,65395,10548,21009,50821,75818,11043,2595,20535,5596,12628,8585,208630,323,100163
Journal de Chambly,journaldechambly,#100063641346866,Hebdo privé indépendant,2010-04-28,8005,8543,8525,9206,1063,4916,6278,11351,3185,905,665,932,1654,827,30713,10,16950
Écho de Cantley,EchoCantley,#123656967647706,AMECQ,2010-05-03,908,948,998,1052,587,157,47,632,36,27,2,3,16,2,922,0,0
TVA Québec,tvaquebec,#100038572578353,Québecor,2010-05-18,55558,58694,56254,61291,2323,35531,52886,78806,23985,9331,13180,6246,16458,11048,247471,337,3780770
L'Éclaireur Progrès,leclaireurprogres,#120296008004909,Ici Médias,2010-05-19,9956,9979,10464,10503,241,1351,704,2192,360,71,114,170,304,114,5380,0,0
Néomédia Laval,NeomediaLaval,#123500857683029,Néomédia,2010-05-31,4060,4108,4443,4532,1693,523,212,1259,131,24,55,61,41,97,2403,0,0
Les 2 Rives,journalles2rives,#100046352926785,DBC,2010-06-05,16433,17049,19069,19670,1691,19285,17684,42050,10894,2399,1110,2526,3575,1698,101221,7,24722
Le Journal de Joliette,jdejoliette,#127981430568524,Néomédia,2010-06-17,8983,9178,9418,9769,1991,3213,1829,5715,657,294,742,235,334,580,13599,0,0
Protégez-Vous,protegezvous,#131271093563675,Média sans but lucratif indépendant,2010-06-18,180084,182386,181632,184936,658,23154,12074,19703,1153,575,1235,1519,576,1100,61089,30,101166
EnBeauce.com,enbeauce,#137517729595139,Néomédia,2010-06-22,35218,36543,35947,37796,4941,44207,48447,83480,14841,2822,16775,7398,12825,7387,238182,1,4801
Journal L'Express de Drummondville,JournalExpressDrummond,"#100063838761554 et
#111462462235449 ",Hebdo privé indépendant,2010-06-25,32687,35136,34525,37700,2023,52068,54804,120163,29111,6578,4236,9400,16437,4902,297699,14,152897
The Record,sherbrookerecord,#134732519884859,Glacier Media,2010-07-02,6232,6655,6544,7078,1419,6510,3123,15975,2399,867,367,631,1439,618,31929,1,132
"98,5 FM",985fm,#141792675836335,Cogeco,2010-07-09,88275,94534,103804,112805,3609,36349,270388,128620,28522,11429,41200,7499,21371,24024,569402,48,132203
RTC CILE Havre Saint Pierre,-,#143063915709007,ARCQ,2010-07-13,4451,4623,4586,4832,1166,1804,637,919,135,21,89,22,60,1,3688,5,2500
Journal L'Express Montcalm,ExpressMontcalm,#137470446285760,Lexis média,2010-07-24,4129,4673,4370,5052,1126,6550,807,2270,574,115,94,78,402,90,10980,14,2618
"CIAU FM 103,1",-,#138782872827249,ARCQ,2010-08-10,1088,1153,1246,1377,181,139,403,586,357,10,0,3,0,0,1498,0,0
Radio-Canada Information,radiocanada.info,#131191820259167,Radio-Canada,2010-08-11,919423,949347,1243864,1403224,10654,631919,1042361,2967284,324262,152475,362845,166461,301752,241727,6191086,875,32570670
Le Téléjournal 18 h,tj18h,#100064421300312,Radio-Canada,2010-08-17,240091,265533,325801,406572,1167,125514,123406,217974,36200,12890,37169,6943,17486,32163,609745,609,11957070
Journal La Relève,laseigneurie,#135232993187108,Hebdo privé indépendant,2010-08-20,1958,2148,2142,2369,1545,1086,715,1850,355,95,33,127,174,111,4546,0,0
Agence Science-Presse,AgenceSciencePresse,#148754208475896,Site web indépendant,2010-08-23,13659,14347,14924,15814,797,2915,2055,8004,687,229,573,561,334,290,15648,17,13639
Le Reflet du Lac,LeRefletduLac,#100063512383147,Ici Médias,2010-08-27,16545,17536,17234,18529,1570,22505,17618,61268,13203,3067,1573,3680,4222,1484,128620,4,11755
Médiat TÉLÉ,mediattele,#158010344215539,MédiAT,2010-09-08,1603,1750,1894,2124,272,482,178,457,121,25,0,13,22,10,1308,90,10673
Radio Acton,radioacton,#124394004277741,ARCQ,2010-09-10,8117,9231,8970,10457,1358,6284,13107,8976,3371,503,436,752,1371,271,35071,87,86695
Le Droit,LeDroitca,#100063709793429,CN2i,2010-09-15,37642,40408,40153,43834,11601,48698,81888,167460,28981,14338,25960,17399,36852,26384,447960,22,48070
Journal L'Action D'Autray,LActionDAutray,#139545386090754,Lexis média,2010-09-17,2083,2216,2237,2386,1009,779,139,744,256,41,7,21,17,18,2022,6,357
Monlimoilou,monlimoilou,#147359678635384,Xtube,2010-09-17,14795,15682,15485,16661,925,2913,3889,8998,1856,667,155,558,318,169,19523,7,3431
Néomédia.com Saguenay Lac-St-Jean,neomediasaguenaylacstjean,#104759856254001,Néomédia,2010-09-24,8585,8615,8453,8508,2738,2911,1719,4829,638,198,579,291,548,467,12180,0,0
Le Journal de Québec,JdeQuebec,#123603337695336,Québecor,2010-10-05,431864,436536,431289,440545,14223,339691,827991,1069102,198063,88423,270023,92775,247080,182872,3316020,2,16374
L'Hebdo Journal,hebdojournal,#146779575365794,Ici Médias,2010-10-07,21615,22605,22286,23772,2026,20088,14703,44888,10729,1458,1372,2295,2207,1090,98830,19,24722
Le Progrès de Coaticook,LeProgresDeCoaticook,#100069829520614,Ici Médias,2010-10-08,4722,5010,5005,5366,885,4318,2253,10702,2768,493,51,400,751,110,21846,3,2534
Le Nouvelliste,lenouvelliste,#100055228675506,CN2i,2010-10-13,59583,64936,61390,68093,13728,134750,206956,469901,102374,40269,76206,25852,56329,40628,1153265,103,406336
L'Écho de la Rive-Nord,lechorivenord,#138124172901448,Néomédia,2010-10-14,2202,2212,2332,2392,1731,152,74,268,49,26,26,15,22,33,665,0,0
GranbyExpress.com,GranbyExpress,#100063672755188,Ici Médias,2010-10-18,8763,9402,9305,10104,1104,7449,5865,12879,2796,580,645,1052,764,764,32794,26,106959
lAvenirEtDesRivieres.com,lAveniretDesRivieres,#100063722342748,Ici Médias,2010-10-18,1936,2037,2088,2238,606,2263,380,1966,339,99,17,79,199,24,5366,1,310
JournalLeGuide.com,JournalLeGuide,#122854497771151,Ici Médias,2010-10-18,2503,2596,2737,2888,423,545,224,1232,168,54,28,46,41,13,2351,1,175
Radio-Canada Techno,radiocanadatechno,#100039534405709,Radio-Canada,2010-10-26,15796,21749,16722,23972,1805,32918,34228,316199,19443,1761,16226,9548,2010,3331,435664,8,6836
TVA Saguenay-Lac-St-Jean,TVASaguenayLacStJean,#154703251237678,Québecor,2010-10-28,43313,44392,48532,49980,1383,24612,34621,42803,11548,5028,6521,5086,14446,4504,149169,27,121136
Journal Coup d'oeil,coupdoeil.info,#164481890248663,Ici Médias,2010-10-28,3808,3994,4094,4371,1230,3266,1000,3757,843,123,27,169,313,117,9615,0,0
TVA Sherbrooke,TVASherbrooke,#167332933286664,Québecor,2010-10-28,49874,50373,51831,52845,1495,15873,15940,20792,3944,1977,3281,2456,7262,4106,75631,173,266930
Radio-Canada Sports,radiocanada.sports,#163083777048046,Radio-Canada,2010-10-29,103174,119856,118464,151654,3671,60441,101073,901154,158937,39832,18222,16790,22999,7516,1326964,147,3556793
Courrier Frontenac,CourrierFrontenac,#100063759482177,Ici Médias,2010-11-02,12862,14338,13722,14479,848,14197,7623,24846,5068,1022,1024,1172,3451,1592,59995,0,0
Journal coopératif L'Oie blanche,JournalLOieblanche,"#100063725453806 et
#166453626708427 ",Média coopératif indépendant,2010-11-12,4218,4276,4594,4676,1590,4312,1712,7767,1633,444,55,210,395,72,16600,1,84
Versants du Mont-Bruno,VersantsMontBruno,#170331766319237,Hebdo privé indépendant,2010-11-17,4083,4242,4254,4498,1112,819,1235,4179,736,118,89,113,198,177,7664,2,783
TVA Est-du-Québec,tvaestduquebec,#134592973261866,Québecor,2010-11-25,29777,30785,31473,33242,1573,12991,10095,24079,4563,1354,1992,1941,3996,1739,62750,259,473206
FM93 Québec,fm93quebec,#129084380484268,Cogeco,2010-12-10,29443,30752,31193,33124,498,3651,12845,13646,3326,1076,1995,555,1146,810,39050,30,131150
CIMT Nouvelles,cimtnouvelles,"#100063655299339 et
#176156409078792 ",Québecor,2010-12-12,39918,40942,42536,43815,4245,47689,28618,49080,8286,2991,5670,5328,11375,4405,163442,435,544495
CKIA FM,ckiafm,#115737995163836,ARCQ,2010-12-20,5671,5994,6338,6826,271,434,300,960,336,31,16,8,1,1,2087,62,7282
Journal Le Reflet témiscamien,RefletTemis,#128870970510224,Hebdo privé indépendant,2010-12-29,6474,6580,6619,6785,749,3103,2146,6997,1839,196,59,117,118,46,14621,2,2195
La Voix de l'Est,lavoixdelest,#100063772922658,CN2i,2011-01-17,29255,32443,31103,35083,15117,88326,87731,193653,43551,14456,28883,20051,35945,28524,541120,73,327880
Le Soleil,lesoleildequebec,#100063641827245,CN2i,2011-01-20,92512,99216,102468,114262,13095,190708,512405,631224,133716,52670,188999,41770,90383,71360,1913235,176,1474161
L'OEil Régional,OeilRegional,#100063604569623,DBC,2011-01-28,8039,8521,8692,9316,489,2843,3067,6131,1654,332,221,539,457,323,15567,0,0
Journal Autour de l'Île,autourdelile,#190660354290957,AMECQ,2011-02-08,1720,1914,1909,2172,3306,1228,772,4031,812,152,15,98,31,2,7141,3,8461
Le Placoteux,LePlacoteux,#198240006859059,Média coopératif indépendant,2011-02-10,9380,9792,9847,10486,687,6703,3660,12970,2792,723,420,764,1108,343,29483,0,0
L'info du Nord Vallée de la Rouge,linfodunordvr,#100051626713459,In Médias,2011-02-17,3893,4120,4200,4526,1351,3654,1230,4795,772,401,126,326,552,224,12080,3,1528
L'info du Nord Mont-Tremblant,linfodunordmt,#100063565902064,In Médias,2011-02-17,9376,10658,10109,11696,1840,11292,8884,22826,5409,1000,486,890,1244,850,52881,7,25792
CHAI 101.9 FM,1019fm.net,#147809595281030,ARCQ,2011-02-24,1803,1833,2099,2156,112,68,43,250,49,4,0,2,2,0,418,1,313
MSN Québec,msncanadafr,#196774760345640,Microsoft,2011-03-14,166399,167800,157238,159059,3947,12715,66658,116075,32871,9399,10652,3869,9694,7298,269231,0,0
"CKAJ FM 92,5 100% Régionale",ckajfm,#208296525854287,ARCQ,2011-03-14,11029,11766,12297,13468,896,7253,5026,8065,2462,328,625,373,682,151,24965,189,186428
Journal Le Manic,LeManicJournal,#207875915892151,Éditions nordiques,2011-03-23,14236,14775,14696,15460,2477,26753,21913,50845,9837,2326,3786,3045,5069,2292,125866,0,0
ICI Estrie,iciestrie,#211536155525838,Radio-Canada,2011-03-29,59150,63395,71404,83886,3246,153915,127782,282695,74655,34391,25370,23471,49857,27854,799990,728,17808659
"Radio X - CHOI 98,1",radioxquebec,#103399319745858,RNC,2011-03-30,79398,85282,82556,91074,868,34537,99728,99634,21882,6207,20579,3125,7279,14269,307240,16,252649
EstriePlus.com - Journal Web,EstriePlus,#175788645805484,Site web indépendant,2011-04-05,15385,15418,15768,15860,867,1667,667,3122,493,114,58,201,333,189,6844,0,0
Journal Le Mouton Noir,MoutonNoir,#163789680345300,AMECQ,2011-04-15,4238,5718,4576,6514,380,2691,1813,5368,1102,418,722,200,133,361,12808,1,193
"CKRL 89,1",CKRL891,#155436694520450,ARCQ,2011-04-18,6658,6954,7762,8433,277,578,597,1519,657,73,11,17,65,0,3517,52,9888
Nouveau Projet,NPmag,#206394119400702,Autre,2011-05-04,43736,43932,44094,44470,419,837,636,5101,1469,184,81,101,73,105,8587,0,0
CFMB 1280AM Radio Montréal,cfmb1280mtl,#130149947061858,Evanov,2011-05-13,2589,2691,2633,2763,288,190,505,1435,229,53,6,11,99,0,2528,45,5565
TVA Sports,TVASports,#100064823193433,Québecor,2011-05-31,369966,375470,395815,415415,3110,144481,504462,1434096,248377,49488,125032,38331,66231,22648,2633146,699,26356970
Le Journal de Montréal,jdemontreal,#103984323029572,Québecor,2011-06-09,713381,721134,712426,727979,14409,706719,1947808,2162787,405178,199259,612327,230874,534240,439844,7239036,2,167572
CIQI FM Montmagny,CIQI903,#172534136140728,Groupe Radio Simard,2011-06-09,3994,4068,4218,4363,26,39,25,76,6,1,1,4,1,0,153,2,614
Chambly Express.ca,ChamblyExpress,#230043493688612,Néomédia,2011-06-13,1065,1089,1160,1198,1476,48,19,320,15,7,1,13,11,1,435,0,0
Vallée-du-Richelieu Express.ca,valleedurichelieu,#218377111517305,Néomédia,2011-06-16,799,816,885,925,1336,22,6,52,2,1,1,2,1,3,90,0,0
Le Courrier Sud,LeCourrierSud,#100063495163209,Ici Médias,2011-06-22,11972,12488,13099,13777,1568,11139,5706,23177,5939,703,407,973,918,366,49328,9,19813
Bulletin des Chenaux,bulletindeschenaux,"#100063570520374 et
#213099518727247",AMECQ,2011-06-27,1512,1582,1656,1760,24,191,8,37,24,2,0,3,0,0,265,0,0
Sorel-Tracy Express.ca,soreltracyexpress.ca,#134811643264666,Néomédia,2011-07-01,1260,1283,1363,1413,1372,289,140,241,35,5,82,5,11,31,839,0,0
ICI Québec,iciquebec,#188385537886041,Radio-Canada,2011-07-08,136174,143991,167122,195537,4696,174664,234782,397549,69367,36802,72329,27804,71021,60970,1145288,891,17089576
L'Hebdo du St-Maurice,lhebdodustmaurice,#245901508753940,Ici Médias,2011-07-08,18468,19127,19319,20555,1352,20184,15662,47879,14402,2209,1148,1746,1548,1404,106182,22,91146
Journal Haute-Côte-Nord,LeHauteCoteNord,#137903369625141,Éditions nordiques,2011-07-16,5770,6084,6000,6470,1901,10988,3579,11011,1860,363,554,739,1392,510,30996,2,2185
L'Écho de Maskinongé,echomaskinonge,#154262924648321,Ici Médias,2011-07-28,8518,8719,9190,9540,726,6262,2235,8853,2082,285,85,420,309,214,20745,6,7227
CKMN.FM,CKMN.FM,#139102432841914,ARCQ,2011-07-29,5409,5587,5492,5717,317,1539,674,1121,200,29,46,63,463,49,4184,2,1636
"FLO 96,5",FLOFM96.5,#139102432841914,Radio privée indépendante,2011-07-29,5584,5670,5714,5828,82,318,230,556,109,6,3,17,55,10,1304,2,1154
L'Écho de Trois-Rivières,lecho3rivieres,#114149325352789,Néomédia,2011-08-22,3358,3397,3321,3364,2022,1263,427,457,76,20,131,34,31,80,2519,0,0
Radio Gaspésie,radiogaspesie,#100063620350246,ARCQ,2011-09-02,24786,25678,39698,41121,2008,12336,36345,41913,7384,1203,1250,1434,1522,855,104242,108,308472
CIEU FM 94.9-106.1,cieufm,#258922174145865,ARCQ,2011-09-28,6739,7311,7204,7999,967,7241,2619,10195,2220,272,60,500,303,88,23498,8,14349
ICI Gaspésie-Les-Îles,icigaspesieilesdelamadeleine,#226135530782200,Radio-Canada,2011-10-26,32274,35986,36050,40837,1390,45721,28730,112123,19303,5156,3086,12637,12241,3148,242145,131,1156617
ICI Côte-Nord,icicotenord,#165824360177331,Radio-Canada,2011-10-28,24721,25849,28639,31682,1778,27638,17553,72508,12230,3045,3059,4465,7969,2063,150530,261,1028021
ICI Grand Montréal,icigrandmontreal,#134483853321456,Radio-Canada,2011-11-04,45495,46131,51029,52678,1490,6142,15288,32995,5498,4085,3899,1476,4252,2437,76072,0,0
L'info Petite Nation,infopetitenation,#116015295181711,In Médias,2011-12-14,6465,6891,6818,7393,1101,7011,2193,9158,2244,231,123,271,517,212,21960,2,1757
L'info de la Basse-Lièvre,infodelabasselievre,#206799339402133,In Médias,2011-12-14,4030,4400,4242,4727,1040,3126,2660,5909,1365,142,51,196,217,191,13857,3,816
Reflet de Société,RefletdeSociete,#178773778890721,AMECQ,2012-01-20,1004,1056,1064,1152,238,46,27,131,47,6,0,1,0,0,258,2,180
MTL Blog,MTLBlog,#254768477928383,Narcity,2012-01-23,429803,430812,435984,441939,5098,96398,235644,387735,52787,6332,93985,21161,20294,27131,941467,206,11169125
"CKVM FM 92,1/ 93,1 La Voix du Témiscamingue",ckvmfm,#153708914747712,Radio privée indépendante,2012-02-13,4806,5002,5083,5394,363,2224,865,1990,482,80,21,189,130,47,6028,12,10438
Métro - Ouest de l'Île,metroouestdelile,#100063631208224,Métro média,2012-03-22,1400,1447,1613,1675,430,354,35,115,26,4,3,10,7,3,557,2,54
Journaldesvoisins.com,JDvoisins,#212515852188198,AMECQ,2012-03-31,2744,2908,3025,3230,458,626,436,1555,284,73,34,141,106,98,3353,2,694
ICI Abitibi-Témiscamingue,iciabitibi,#275069289242598,Radio-Canada,2012-04-02,27182,30797,36222,46753,2772,127509,70862,285702,46092,12102,7102,16980,25086,10604,602039,250,3054415
ICI Bas-Saint-Laurent,icibassaintlaurent,#243777932386097,Radio-Canada,2012-04-12,33016,34647,38759,41545,1522,44108,34145,85668,20821,5351,5658,7466,11322,5908,220447,236,2174439
Journal Le Causeur - Daveluyville et Maddington,journallecauseur,#351233864932287,AMECQ,2012-05-17,384,396,400,415,36,52,4,40,0,0,0,0,0,0,96,0,0
Monsaintsauveur,monsaintsauveur,#127511007387024,Xtube,2012-06-19,5634,5977,5991,6457,816,1583,712,3748,976,186,43,130,76,18,7472,3,1378
Monsaintroch,monsaintroch,#309189509172401,Xtube,2012-06-19,6728,6914,7230,7563,902,1188,424,2333,580,81,33,107,171,23,4940,6,1045
TVA Abitibi-Témiscamingue,tvaabitibi,#145458018925308,Québecor,2012-08-06,37768,38960,39403,41329,1610,65786,50734,39937,8624,3684,4820,4984,13934,6744,199247,114,390942
TVA Gatineau-Ottawa,tvagatineauottawa,#213820898747207,Québecor,2012-08-08,79461,80743,85388,87575,3058,79577,118675,88063,16563,11438,20291,17938,48853,25082,426480,181,1233217
107.7 Estrie,1077fm,#100063589332484,Cogeco,2012-08-15,25945,26395,26233,27115,2380,10655,39683,16348,2583,886,4853,1825,5108,3316,85257,50,42755
"104,7 Outaouais",1047fm.Outaouais,#271598752944478,Cogeco,2012-08-15,44200,45755,48382,50533,4182,99462,120251,84656,13283,5621,26816,12373,32442,22906,417810,13,139829
106.9 FM Mauricie,fm.mauricie,#343611139056789,Cogeco,2012-08-15,19886,20411,20391,21460,1079,37117,22908,21767,4155,1314,3546,2918,3513,4738,101976,26,91495
"CJMD 96,9 Lévis",CJMD969,#258320754270388,ARCQ,2012-08-23,20111,22894,20623,23672,422,5936,3809,6734,1551,123,515,133,19,27,18847,110,92555
Le p'tit journal de Woburn,-,#203365633127001,AMECQ,2012-08-26,665,742,700,797,298,486,272,949,234,24,2,15,17,0,1999,4,1362
24 heures,24heures.ca,#509839125694576,Québecor,2012-10-16,27599,30752,36286,63154,2403,19024,19635,45587,8404,4023,7106,2783,4730,4056,115348,104,889503
"Radio S 100,5-fm Senneterre",cibofm,#506487682709916,ARCQ,2012-10-18,504,586,548,646,70,296,39,128,14,2,0,1,1,2,483,0,0
Journal Droit de Parole,droitdeparole.org,#366869373406866,AMECQ,2012-11-14,2549,2586,2669,2727,184,70,28,222,26,16,3,1,0,2,368,0,0
La Sentinelle,sentinellechibougamau,#461892947186141,Hebdo privé indépendant,2012-11-22,3136,3317,3280,3499,48,641,102,382,67,14,1,69,17,8,1301,0,0
Bulletin Mékinac,bulletinmekinac,#448863208506528,AMECQ,2012-12-05,1358,1554,1492,1722,10,67,8,19,3,0,0,0,0,0,97,0,0
CFBS Radio Blanc-Sablon,RadioBlancSablon,#350719625025577,ARCQ,2012-12-19,2596,2734,2935,3142,1898,3360,2201,6705,926,186,46,136,146,15,13721,22,11966
CKVL FM,radiockvl,#197472273724579,ARCQ,2013-01-15,7399,7855,7669,8362,1643,1565,2902,2955,1102,92,12,25,69,11,8733,264,27253
Le Charlevoisien,charlevoisien,#193760727436039,Éditions nordiques,2013-01-18,10628,12000,11191,12928,3348,39418,24413,63285,10303,1833,2994,3516,4254,2416,152432,0,0
Journal Saint-François,SaintFrancoisGravite,#541550695869194,Gravité média,2013-01-18,22396,23126,23483,24637,2708,30278,21329,48427,9243,2644,1789,5020,7356,2439,128525,4,19100
Journal La Pensée de Bagot,JournalLaPenseeDeBagot,#323988444385520,DBC,2013-01-25,3605,4013,3755,4273,749,4995,1460,5638,1242,534,81,359,1075,98,15482,2,1211
CityNews Montreal,CityNewsMTL,#423596921055456,Rogers,2013-02-11,39499,41598,53191,60108,8953,29770,61167,59504,9877,5730,10239,3175,13388,15609,208459,2599,2935924
"FM Charlevoix - CIHO 96,3",CIHOFM,#101619366699027,ARCQ,2013-03-20,14686,15581,15329,16601,2428,30194,23736,48835,7625,1300,1594,2723,3520,1658,121185,3,8197
L'écho de Compton,comptonecho,#556247344397017,AMECQ,2013-03-31,1391,1483,1447,1557,287,1024,200,1454,423,63,6,20,59,13,3262,0,0
L'info de la Vallée,infodelavallee,#100031908416924,In Médias,2013-04-09,2771,2944,2884,3125,1019,2288,562,2916,612,89,19,70,79,86,6721,1,95
Journal Le Richelieu,JournalLeRichelieu,#427427237352523,Ici Médias,2013-05-01,811,869,875,939,308,41,6,89,14,0,0,1,5,0,156,0,0
Tout un matin,toutunmatin,#1387489814797612,Radio-Canada,2013-06-18,45361,46143,48928,50415,1290,10239,35348,59486,14834,5481,7028,3400,6482,4410,146708,2,40636
Le 15-18,Le1518,#100064088911067,Radio-Canada,2013-06-19,27143,27987,28709,29780,1458,9362,17710,33796,4541,3155,1858,2384,5269,3092,81167,0,0
Le magazine de rue La Quête,laquete.magazinederue,#561464480580116,AMECQ,2013-07-30,1582,1737,1667,1864,41,104,41,258,109,62,1,3,19,2,599,1,79
Cfyx93,cfyx93,#234573966695537,Groupe Radio Simard,2013-09-11,5774,6624,6705,7723,1382,6784,12548,9821,1911,335,495,439,836,567,33736,124,61066
Le Québec Matin,lequebecmatin,#682636768432850,Québecor,2013-09-11,59535,60729,59627,61411,384,1401,52557,12547,2742,1141,2627,491,1291,2433,77230,69,59318
Journal L'annonceur,-,#160916750782060,AMECQ,2013-10-10,1363,1456,1449,1554,11,309,105,196,38,6,0,6,3,3,666,0,0
Journal communautaire Le Cantonnier,lecantonnier,#275530495933919,AMECQ,2013-12-06,515,577,573,650,118,154,11,96,7,5,0,2,1,3,279,0,0
VIVA média,groupe.VIVAmedia,#633677300012546,Viva média,2013-12-10,22381,22895,24500,25340,1173,15347,7929,16089,3535,1034,479,1910,3213,1370,50906,16,41245
Journal EPIK,-,#185830224948058,AMECQ,2013-12-15,515,553,532,573,29,29,11,60,18,1,0,2,1,0,122,0,0
Cign Coaticook,cign.cign,#884951561568276,ARCQ,2013-12-20,7205,7766,7548,8334,689,6620,9411,9368,2395,331,121,769,1336,174,30525,17,25483
Journal Accès,journalacces,#712744818743518,Nordy,2014-01-24,12760,13801,13999,15413,1522,8280,5874,14911,2964,1631,297,1418,3018,499,38892,143,182544
"Journal L'Horizon, presse coopérative des Basques",-,#431723490293114,AMECQ,2014-01-30,749,796,785,846,1985,382,261,799,154,20,2,15,2,5,1640,0,0
Journal Le Pont de Palmarolle,JournalLePont,#1424551357783452,AMECQ,2014-02-10,1314,1402,1391,1511,199,711,686,2055,417,82,6,73,67,10,4107,0,0
Journal Le Saint Denisien,saint.denisien,#100058705311861,AMECQ,2014-02-18,853,903,897,955,113,131,21,116,18,7,5,5,3,0,306,0,0
West Island News,westislandnews,#1491259371089944,Hebdo privé indépendant,2014-05-14,30226,36266,40246,93883,1636,17127,16505,36510,6864,1714,2430,2805,3900,1899,89754,271,885409
Monmontcalm,monmontcalm,"#100063755161990 et
#1420725994874424 ",Xtube,2014-06-13,3689,3927,3966,4306,844,1031,370,2744,611,67,16,67,17,23,4946,1,116
"CHEF 99,9",CHEF99.ca,#1419523835002128,ARCQ,2014-06-25,560,817,589,872,94,806,188,158,40,6,1,47,148,0,1394,4,226
Zone économie,zoneeconomie,#100064316334204,Radio-Canada,2014-07-01,102931,123981,122087,147853,860,63637,81007,127221,7886,2403,24548,6502,4785,32682,350671,257,6080848
Courrier de Portneuf,courrierdeportneuf,#504448116367529,Média coopératif indépendant,2014-07-10,4948,5175,5331,5663,674,3604,1366,5415,1094,423,119,256,676,141,13094,0,0
La Gazette de la Mauricie,lagazettedelamauricie,#530765187024077,AMECQ,2014-07-21,2590,2802,2914,3306,334,571,324,2078,575,136,24,34,31,20,3793,11,1980
Narcity Québec,NarcityQuebec,#271036236431606,Narcity,2014-08-19,393546,402820,406605,424913,6823,349649,1452731,1019454,226496,16142,158608,61157,32092,39550,3355879,298,15444422
Montbeillard En BREF,montbeillardenbref,#100042407152770,AMECQ,2014-09-07,192,238,211,265,39,59,19,80,9,0,0,1,0,0,168,0,0
Échos Montréal,EchosMontreal,#365501026942053,AMECQ,2014-09-11,121,135,151,165,14,0,0,3,1,0,0,0,0,0,4,0,0
Les Éditions des Trois Clochers - Journal Le Hublot,troisclochers,#338131219712573,AMECQ,2014-09-29,264,265,282,283,54,2,3,17,4,0,0,0,0,0,26,0,0
Journal l'Écho d'en Haut Inc.,journal.1983,#100040926144946,AMECQ,2014-10-08,1175,1243,1232,1322,86,435,60,237,43,3,0,0,4,0,782,0,0
Journal Le Nord,JournalLeNordStJerome,#153063064888197,Nordy,2014-11-03,9023,9806,9657,10662,1452,5044,3449,10255,2166,1331,291,717,1674,1034,25961,81,69648
Bulletin d'Aylmer,bulletinaylmer,#921232881238617,Hebdo privé indépendant,2014-11-06,6768,7350,7311,8100,408,4710,1589,3817,1238,406,53,307,537,77,12734,13,10169
Mon Matane,nouvelles.chrmchoematane,#351524758377662,Arsenal Média,2014-11-21,6008,6697,6303,7196,2522,15435,9005,27134,5229,1849,1986,1445,2754,1656,66493,3,2973
GoRimouski.com,GoRimouski,#774231592664252,Néomédia,2015-01-13,525,564,541,583,1234,11,26,65,6,2,3,0,0,3,116,0,0
Médiat,mediat,#807254436031059,MédiAT,2015-04-05,25067,26916,28550,32920,805,40082,21984,25867,5519,1759,2359,4788,7545,2126,112029,91,975724
"CFLX 95,5 FM",CFLX955,#1568703433379386,ARCQ,2015-04-07,1687,1850,1841,2095,344,192,130,926,274,51,1,8,28,1,1611,1,55
Néomédia Vaudreuil-Soulanges,neomediavaudreuilsoulanges,#1640213986214892,Néomédia,2015-04-15,11223,12435,12353,13960,3771,21681,13598,35403,7401,2766,1515,3405,4583,1797,92149,0,0
Journal Ski-se-Dit,skisedit,#100038006095413,AMECQ,2015-06-12,1314,1437,1457,1600,425,786,280,1062,310,68,6,57,180,17,2766,2,1416
Journal communautaire Ensemble pour bâtir,journalensemble,#973312769355811,AMECQ,2015-07-19,551,571,577,605,97,166,153,348,97,19,0,5,20,0,808,0,0
91.9 Sports,919sport,#880897441945418,RNC,2015-08-02,39344,41661,41369,44286,1654,13715,162566,191963,33528,6922,24414,3912,7246,2858,447124,89,432851
La Vie d'Ici,laviedici,#399365000270605,AMECQ,2015-08-21,241,252,251,263,24,4,6,19,18,1,0,0,1,0,49,0,0
Journal Local Le Félix,JournalLocalLeFelix,#162737674069144,AMECQ,2015-09-25,506,570,541,611,32,36,13,56,2,4,0,0,1,1,113,0,0
Le Courrier de Saint-Hyacinthe,lecourrier1853,#945501695529563,DBC,2015-12-29,14346,16037,15275,17923,367,10974,8162,14152,3015,509,247,2130,4002,480,43671,18,129573
CFNJ 99 1 et 88 9,cfnjfm,#1250013895015978,ARCQ,2016-01-21,13887,14921,14641,16028,1436,6822,9315,18756,4295,672,252,524,1748,179,42563,94,121324
Le Bureau d'enquête,lebureaudenquete,#100044373761872,Québecor,2016-03-01,20019,21144,21289,22609,329,1875,1912,2624,111,43,885,596,213,820,9079,1,307
Journal Le Sentier,-,#240326016318686,AMECQ,2016-04-02,344,428,369,465,179,143,72,352,73,8,0,8,6,1,663,0,0
Journal Le Lavalois,journallelavalois,#100063594132652,AMECQ,2016-04-23,729,768,758,807,463,270,52,385,104,93,1,39,15,0,959,0,0
L'Écho de St-François,EchoStFrancois,#1162543637110986,AMECQ,2016-04-23,115,132,128,147,11,18,3,12,2,1,0,0,0,0,36,0,0
Journal l'Alliance de Preissac,JournalAlliancePreissac,#1568411916822268,AMECQ,2016-04-23,413,498,428,514,56,20,8,63,9,0,0,1,1,0,102,0,0
Le Saint-Armand,-,#1694470804135904,AMECQ,2016-04-23,432,452,473,499,182,56,18,133,27,4,0,2,1,2,243,0,0
Journal des citoyens,journaldescitoyens,#1103279923079306,AMECQ,2016-05-01,402,434,439,489,235,30,13,107,19,7,0,0,3,1,180,0,0
La Presse Canadienne,LaPressecanadienne,#248686095524627,La Presse Canadienne,2016-07-26,5498,6184,6004,6865,521,240,601,651,61,31,183,63,77,136,2043,0,0
Radio-Canada Science,radiocanada.science,#100063490903558,Radio-Canada,2016-09-26,79716,98003,90108,113915,1449,175465,89660,1220035,52884,8551,22115,85285,15682,7491,1677168,17,86716
Journal le Réveil,j.le.reveil,#172583749853818,AMECQ,2016-10-03,422,502,439,522,12,21,1,4,0,0,0,0,0,0,26,0,0
Espaces autochtones,espacesautochtones,#1244324122290544,Radio-Canada,2016-11-14,42143,50322,48148,59878,2649,58962,19761,271441,65816,41886,1474,4992,14502,6664,485498,105,174976
Le Trait d'Union,traitdunionsaguenay,#1038129076312593,Média sans but lucratif indépendant,2016-12-11,1008,1163,1101,1283,161,463,136,745,275,13,0,15,0,0,1647,0,0
Le Droit Affaires,LeDroitAffaires,"#100063611798918 et
#1210753035638771 ",CN2i,2016-12-21,1945,2012,2026,2109,463,130,52,349,116,4,1,3,4,0,659,0,0
Rad,radpointca,#100071327771558,Radio-Canada,2017-02-28,114218,117517,187365,193964,46,16642,4603,22975,4666,2559,353,944,2378,1270,56390,9,53265
Journal communautaire Ici Brompton,-,#232163400524114,AMECQ,2017-03-13,722,832,781,914,138,328,77,691,126,38,5,16,31,4,1316,5,2637
Journal Le Montérégien,journallemonteregien,#788291801340224,Hebdo privé indépendant,2017-04-10,1192,1239,1284,1356,736,500,97,729,103,25,3,6,20,1,1484,0,0
Néomédia Valleyfield,neomediavalleyfield,#233209217161953,Néomédia,2017-04-25,2143,2426,2459,2861,2866,3429,744,2499,417,136,32,331,229,96,7913,0,0
VINGT 55,vingt55,#253914118349394,Site web indépendant,2017-05-05,22624,25008,26475,29564,2028,45969,27320,46440,9528,2382,4492,7637,10258,4873,158899,17,95244
Silo 57,silo57,#100063896890083,Québecor,2017-05-23,26291,31755,28816,35435,1287,23481,52079,79812,13893,646,990,3338,1381,186,175806,15,198405
Unpointcinq,unpointcinq,#106365669977985,Site web indépendant,2017-06-16,56003,67061,57641,69182,588,7671,5507,35101,6142,1045,2032,960,139,170,58767,12,53745
Journal le Haut-Saint-François,JournalleHSF,#302242856915045,AMECQ,2017-07-17,1904,2115,2065,2325,104,356,166,467,83,13,0,8,2,0,1095,0,0
Le Montarvillois,Le.Montarvillois,#157830908116505,Site web indépendant,2017-07-24,2458,2517,2718,2789,182,115,161,407,79,10,6,27,36,8,849,0,0
Journal La Voie du Secteur des Coteaux,journallavoie,#1927281444151151,AMECQ,2017-08-14,200,213,214,246,162,163,75,174,67,9,1,9,9,0,507,1,329
North Shore News,North.Shore.News.QC,#240598129796358,Hebdo privé indépendant,2017-08-31,164,168,172,176,50,3,0,6,1,0,0,0,0,0,10,0,0
Le Bulletin des agriculteurs,leBulletindesagriculteurs,#948987011917416,Glacier Media,2018-01-30,1814,2600,2169,3198,509,1083,148,1655,74,161,58,64,98,4,3345,6,4228
L'Information d'affaires d'ici,Informationdaffairesdici,#165928187373972,Gravité média,2018-01-31,409,466,453,517,612,151,3,96,19,2,0,0,1,0,272,0,0
porte-monnaie,portemonnaieca,#1551898518191408,Québecor,2018-03-15,15490,16485,16486,17677,364,2982,5086,5781,423,182,1175,266,300,592,16787,4,12553
QUB radio,qubradio,#2215333488686146,Québecor,2018-08-28,23213,24638,25165,27586,2471,12405,65496,36931,3706,2849,20023,1705,2492,10536,156143,120,215442
Chaleurs Nouvelles,chaleursnouvelles,#2130777093841116,Lexis média,2018-09-04,1629,1666,1839,1925,171,167,63,503,111,7,3,8,4,6,872,3,195
Gaspésie Nouvelles,gaspesienouvelles,#514974212276320,Lexis média,2018-09-04,1551,2136,1780,2608,263,3075,346,1413,364,45,6,51,32,10,5342,4,274
Quatre95,quatre95,#575698229519777,Urbania,2018-11-29,14370,15216,15244,16288,933,2348,2053,8857,1493,354,595,145,214,70,16129,11,197935
"Radio Communautaire CJTB 93,1",radiocommunautairecjtb,#1976697062384053,ARCQ,2018-12-02,633,796,682,903,217,761,324,1573,660,30,1,42,11,0,3402,2,1540
Vision croisée,visioncroisee,#100032450577149,AMECQ,2019-01-18,426,454,448,493,8,2,2,26,8,0,0,0,0,0,38,1,128
Bury's Image de Bury,BuryQuebec,#2125943084165156,AMECQ,2019-03-01,472,511,519,575,1512,800,79,633,53,16,5,18,24,10,1638,0,0
Ma Côte-Nord,macotenord,#440606566689266,Arsenal Média,2019-04-26,5701,6616,6202,7460,2228,10843,4181,9189,2004,617,1315,682,1488,644,30963,0,0
"Radio Anticosti 90,5",-,#468517777286271,ARCQ,2019-06-12,573,757,624,841,218,332,166,646,113,22,0,19,17,1,1316,2,416
Mon Victo,-,#113366336708571,Arsenal Média,2019-09-04,2768,3186,3103,3660,2211,4197,2839,3892,625,200,702,453,784,608,14300,0,0
Journal Le Soir,journallesoir.ca,#100063635679709,Site web indépendant,2019-09-06,6096,7796,6566,8474,4274,10140,11469,31116,4628,1445,1123,1437,2362,862,64582,5,5459
Ma Beauce,mabeauce,#100063769201574,Arsenal Média,2019-09-09,1699,2017,1819,2237,1510,2424,1135,1648,221,40,799,255,429,422,7373,3,1679
MAJ - L'actualité pour les jeunes,majmonactu,#100063651653741,Radio-Canada,2019-09-18,6313,7454,7280,8494,105,1074,198,1827,593,94,15,10,8,3,3822,14,5517
Journal Tam Tam,matapedialesplateaux2.0,#105249570949020,AMECQ,2019-11-23,569,655,607,711,609,618,571,2281,413,64,44,47,3,0,4041,5,512
Le Val-Ouest,levalouest,#110344977272935,AMECQ,2020-03-23,384,473,441,571,609,784,142,1089,183,39,0,20,2,5,2264,0,0
Journal La Rafale,JournalLaRafale,#109513637357837,AMECQ,2020-03-24,217,241,232,262,12,12,1,18,1,0,0,0,0,0,32,0,0
La Converse,laconversemedia,#112385513782846,Site web indépendant,2020-04-24,2945,3638,3146,4021,104,1175,633,3390,789,969,123,98,1537,117,8831,12,10735
Nouvelles d'Ici,nouvellesdicimedia,#100063624337637,Site web indépendant,2020-09-08,1923,1939,2127,2143,45,265,65,226,89,6,0,1,0,0,652,0,0
Le p'tit Mag,leptitmagcn2i,#107477141151490,CN2i,2020-10-23,636,970,679,1084,45,437,75,342,93,81,8,3,61,24,1124,23,14307
Noovo Info,noovo.info,#107549134544919,Bell,2020-12-04,5969,14215,7397,21413,2928,37100,50906,89835,23366,15182,16226,3109,10370,7547,253641,378,4052475
Le Droit Franco,ledroitfranco,#106341558205879,CN2i,2021-03-17,971,1067,1059,1174,1695,387,72,2017,113,32,12,28,44,35,2740,0,0
Ma Gaspésie,-,#101374782110703,Arsenal Média,2021-04-27,1530,2220,1557,2327,1072,3578,514,1716,203,73,94,129,452,110,6869,0,0
Plaisirs. Le Devoir,ledevoirplaisirs,#106938808332745,Le Devoir,2021-07-12,745,5265,776,5486,463,4573,1921,28076,3900,508,179,561,123,55,39896,0,0
